{
    "women": [
        {
            "id": 1,
            "image": "https://www.aeropostale.com/dw/image/v2/BBSG_PRD/on/demandware.static/-/Sites-master-catalog-aeropostale/default/dw04b13605/80644077_007_main.jpg?sw=478&sh=557&sm=fit&sfrm=jpg",
            "name": "Cutout Convertible Crop Top",
            "price": 1500,
            "rating": 3
        },
        {
            "id": 2,
            "image": "https://www.aeropostale.com/dw/image/v2/BBSG_PRD/on/demandware.static/-/Sites-master-catalog-aeropostale/default/dw0b38791c/80649436_680_alt1.jpg?sw=478&sh=557&sm=fit&sfrm=jpg",
            "name": "Checkered Cropped Cardigan",
            "price": 79.11,
            "rating": 5
        },
        {
            "id": 3,
            "image": "https://www.aeropostale.com/dw/image/v2/BBSG_PRD/on/demandware.static/-/Sites-master-catalog-aeropostale/default/dw815b8428/82739728_541_main.jpg?sw=478&sh=557&sm=fit&sfrm=jpg",
            "name": "Cropped Full-Zip Hooded Sweater",
            "price": 70,
            "rating": 2
        },
        {
            "id": 4,
            "image": "https://www.aeropostale.com/dw/image/v2/BBSG_PRD/on/demandware.static/-/Sites-master-catalog-aeropostale/default/dw6ba328a2/82739761_366_main.jpg?sw=478&sh=557&sm=fit&sfrm=jpg",
            "name": "Long Sleeve Keyhole Pointelle Crop Top",
            "price": 79.12,
            "rating": 5
        },
        {
            "id": 5,
            "image": "https://www.aeropostale.com/dw/image/v2/BBSG_PRD/on/demandware.static/-/Sites-master-catalog-aeropostale/default/dw36365377/82739719_255_main.jpg?sw=478&sh=557&sm=fit&sfrm=jpg",
            "name": "'90s Super High-Rise Baggy Premium Air Jean",
            "price": 79.12,
            "rating": "3"
        },
        {
            "id": 6,
            "image": "https://www.aeropostale.com/dw/image/v2/BBSG_PRD/on/demandware.static/-/Sites-master-catalog-aeropostale/default/dwdef1ffc1/87018352_176_main.jpg?sw=478&sh=557&sm=fit&sfrm=jpg",
            "name": "High-Rise Flare Jean",
            "price": 79.12,
            "rating": 4
        },
        {
            "id": 7,
            "image": "https://www.aeropostale.com/dw/image/v2/BBSG_PRD/on/demandware.static/-/Sites-master-catalog-aeropostale/default/dw66851338/87019095_962_main.jpg?sw=478&sh=557&sm=fit&sfrm=jpg",
            "name": "High-Rise Mom Jean",
            "price": 65,
            "rating": 5
        },
        {
            "id": 9,
            "image": "https://www.aeropostale.com/dw/image/v2/BBSG_PRD/on/demandware.static/-/Sites-master-catalog-aeropostale/default/dw0b38791c/80649436_680_alt1.jpg?sw=478&sh=557&sm=fit&sfrm=jpg",
            "name": "Checkered Cropped Cardigan",
            "price": 79.11,
            "rating": 4
        },
        {
            "id": 10,
            "image": "https://www.aeropostale.com/dw/image/v2/BBSG_PRD/on/demandware.static/-/Sites-master-catalog-aeropostale/default/dw815b8428/82739728_541_main.jpg?sw=478&sh=557&sm=fit&sfrm=jpg",
            "name": "Cropped Full-Zip Hooded Sweater",
            "price": 70,
            "rating": 3
        },
        {
            "id": 11,
            "image": "https://www.aeropostale.com/dw/image/v2/BBSG_PRD/on/demandware.static/-/Sites-master-catalog-aeropostale/default/dw6ba328a2/82739761_366_main.jpg?sw=478&sh=557&sm=fit&sfrm=jpg",
            "name": "Long Sleeve Keyhole Pointelle Crop Top",
            "price": 79.12,
            "rating": 5
        },
        {
            "id": 12,
            "image": "https://www.aeropostale.com/dw/image/v2/BBSG_PRD/on/demandware.static/-/Sites-master-catalog-aeropostale/default/dw36365377/82739719_255_main.jpg?sw=478&sh=557&sm=fit&sfrm=jpg",
            "name": "'90s Super High-Rise Baggy Premium Air Jean",
            "price": 79.12,
            "rating": 4
        },
        {
            "id": 13,
            "image": "https://www.aeropostale.com/dw/image/v2/BBSG_PRD/on/demandware.static/-/Sites-master-catalog-aeropostale/default/dwdef1ffc1/87018352_176_main.jpg?sw=478&sh=557&sm=fit&sfrm=jpg",
            "name": "High-Rise Flare Jean",
            "price": 79.12,
            "rating": 5
        },
        {
            "id": 14,
            "image": "https://www.aeropostale.com/dw/image/v2/BBSG_PRD/on/demandware.static/-/Sites-master-catalog-aeropostale/default/dw66851338/87019095_962_main.jpg?sw=478&sh=557&sm=fit&sfrm=jpg",
            "name": "High-Rise Mom Jean",
            "price": 65,
            "rating": 4
        },
        {
            "id": 15,
            "image": "https://www.aeropostale.com/dw/image/v2/BBSG_PRD/on/demandware.static/-/Sites-master-catalog-aeropostale/default/dwd76751aa/80548960_461_alt2.jpg?sw=478&sh=557&sm=fit&sfrm=jpg",
            "name": "Mid-Rise Bootcut Jean",
            "price": 90,
            "rating": 3
        },
        {
            "id": 16,
            "image": "https://www.aeropostale.com/dw/image/v2/BBSG_PRD/on/demandware.static/-/Sites-master-catalog-aeropostale/default/dw7349f7ec/80548960_007_alt1.jpg?sw=478&sh=557&sm=fit&sfrm=jpg",
            "name": "Floral Sweetheart Cinched-Tie Mini Dress",
            "price": 55,
            "rating": 2
        },
        {
            "id": 17,
            "image": "https://www.aeropostale.com/dw/image/v2/BBSG_PRD/on/demandware.static/-/Sites-master-catalog-aeropostale/default/dwb47333b8/81254083_148_alt1.jpg?sw=478&sh=557&sm=fit&sfrm=jpg",
            "name": "Floral Sweetheart Cinched-Tie Mini Dress",
            "price": 53.13,
            "rating": 1
        },
        {
            "id": 18,
            "image": "https://www.aeropostale.com/dw/image/v2/BBSG_PRD/on/demandware.static/-/Sites-master-catalog-aeropostale/default/dwdad2d13a/80549160_277_main.jpg?sw=478&sh=557&sm=fit&sfrm=jpg",
            "name": "Floral V-Neck Babydoll Dress",
            "price": 99.13,
            "rating": 3
        },
        {
            "id": 19,
            "image": "https://www.aeropostale.com/dw/image/v2/BBSG_PRD/on/demandware.static/-/Sites-master-catalog-aeropostale/default/dwc73081ce/80549160_007_alt2.jpg?sw=478&sh=557&sm=fit&sfrm=jpg",
            "name": "Floral Notch-Neck Ruched Midi Dress",
            "price": 39.13,
            "rating": 2
        },
        {
            "id": 20,
            "image": "https://www.aeropostale.com/dw/image/v2/BBSG_PRD/on/demandware.static/-/Sites-master-catalog-aeropostale/default/dw0d28343f/81993150_366_main.jpg?sw=478&sh=557&sm=fit&sfrm=jpg",
            "name": "Floral Notch-Neck Ruched Midi Dress",
            "price": 49.13,
            "rating": 1
        },
        {
            "id": 21,
            "image": "https://www.aeropostale.com/dw/image/v2/BBSG_PRD/on/demandware.static/-/Sites-master-catalog-aeropostale/default/dwf61c7cb5/86749113_252_alt1.jpg?sw=478&sh=557&sm=fit&sfrm=jpg",
            "name": "Aeropostale New York Script Pullover Hoodie",
            "price": 69.13,
            "rating": 1
        },
        {
            "image": "https://www.aeropostale.com/dw/image/v2/BBSG_PRD/on/demandware.static/-/Sites-master-catalog-aeropostale/default/dw0ae5849f/86749372_214_main.jpg?sw=478&sh=557&sm=fit&sfrm=jpg",
            "name": "Floral V-Neck Babydoll Dress",
            "price": 18,
            "rating": 4,
            "id": 22
        },
        {
            "image": "https://www.aeropostale.com/dw/image/v2/BBSG_PRD/on/demandware.static/-/Sites-master-catalog-aeropostale/default/dw6ab67931/81063070_244_main.jpg?sw=478&sh=557&sm=fit&sfrm=jpg",
            "name": "Soft Seamless Mock-Neck Cropped Tank  Seriously Soft Seamless Wear 2 Ways Cropped Baby Tee",
            "price": 17.8,
            "rating": 1,
            "id": 23
        },
        {
            "image": "https://www.aeropostale.com/dw/image/v2/BBSG_PRD/on/demandware.static/-/Sites-master-catalog-aeropostale/default/dw1eeb8be8/80119543_007_main.jpg?sw=478&sh=557&sm=fit&sfrm=jpg",
            "name": "Dump Him Cropped High-Neck Tank",
            "price": 18.9,
            "rating": 2,
            "id": 24
        },
        {
            "image": "https://www.aeropostale.com/dw/image/v2/BBSG_PRD/on/demandware.static/-/Sites-master-catalog-aeropostale/default/dwe7fb51ad/80119492_047_main.jpg?sw=478&sh=557&sm=fit&sfrm=jpg",
            "name": "Sports Car Retro Graphic Tank",
            "price": 25.9,
            "rating": 5,
            "id": 25
        },
        {
            "image": "https://www.aeropostale.com/dw/image/v2/BBSG_PRD/on/demandware.static/-/Sites-master-catalog-aeropostale/default/dw6b23093d/83939186_688_main.jpg?sw=478&sh=557&sm=fit&sfrm=jpg",
            "name": "Long Sleeve Thin Stripe Oversized Button-Down Shirt",
            "price": 36.8,
            "rating": 3,
            "id": 26
        },
        {
            "image": "https://www.aeropostale.com/dw/image/v2/BBSG_PRD/on/demandware.static/-/Sites-master-catalog-aeropostale/default/dw246519aa/83939186_688_alt2.jpg?sw=478&sh=557&sm=fit&sfrm=jpg",
            "name": "Long Sleeve Thin Stripe Oversized Button-Down Shirt",
            "price": 40,
            "rating": 1,
            "id": 27
        }
    ],
    "girls": [
        {
            "id": 1,
            "image": "https://www.aeropostale.com/dw/image/v2/BBSG_PRD/on/demandware.static/-/Sites-master-catalog-aeropostale/default/dwdb8fb94a/80099324_007_main.jpg?sw=478&sh=557&sm=fit&sfrm=jpg",
            "name": "Long Sleeve Tie-Front Cropped Shrunken Tee",
            "rating": 1,
            "price": 4.99
        },
        {
            "id": 2,
            "image": "https://www.aeropostale.com/dw/image/v2/BBSG_PRD/on/demandware.static/-/Sites-master-catalog-aeropostale/default/dwcc630399/80106166_742_main.jpg?sw=478&sh=557&sm=fit&sfrm=jpg",
            "name": "Stacked Aero Floral Graphic Tee",
            "rating": 2,
            "price": 6.99
        },
        {
            "id": 3,
            "image": "https://www.aeropostale.com/dw/image/v2/BBSG_PRD/on/demandware.static/-/Sites-master-catalog-aeropostale/default/dwccc915b3/80086052_052_main.jpg?sw=478&sh=557&sm=fit&sfrm=jpg",
            "name": "Aeropostale 1987 Circle Glitter Graphic Tee",
            "rating": 3,
            "price": 7.99
        },
        {
            "id": 4,
            "image": "https://www.aeropostale.com/dw/image/v2/BBSG_PRD/on/demandware.static/-/Sites-master-catalog-aeropostale/default/dw57bdeedd/80106187_244_main.jpg?sw=478&sh=557&sm=fit&sfrm=jpg",
            "name": "Protect Your Energy Field Graphic Tee",
            "rating": 4,
            "price": 6.99
        },
        {
            "id": 5,
            "image": "https://www.aeropostale.com/dw/image/v2/BBSG_PRD/on/demandware.static/-/Sites-master-catalog-aeropostale/default/dwd6a6bf70/87018896_176_main.jpg?sw=478&sh=557&sm=fit&sfrm=jpg",
            "name": "High-Rise Mom Jean",
            "rating": 5,
            "price": 24.99
        },
        {
            "id": 6,
            "image": "https://www.aeropostale.com/dw/image/v2/BBSG_PRD/on/demandware.static/-/Sites-master-catalog-aeropostale/default/dw4381ab08/80106322_703_main.jpg?sw=478&sh=557&sm=fit&sfrm=jpg",
            "name": "Self Care Skeleton Graphic Tee",
            "rating": 3,
            "price": 6.99
        },
        {
            "id": 7,
            "image": "https://www.aeropostale.com/dw/image/v2/BBSG_PRD/on/demandware.static/-/Sites-master-catalog-aeropostale/default/dwe9a21f5f/80085999_102_main.jpg?sw=478&sh=557&sm=fit&sfrm=jpg",
            "name": "Aero Script Butterfly Appliqué Graphic Tee",
            "rating": 2,
            "price": 7.99
        },
        {
            "id": 8,
            "image": "https://www.aeropostale.com/dw/image/v2/BBSG_PRD/on/demandware.static/-/Sites-master-catalog-aeropostale/default/dwa09e0584/80106323_525_main.jpg?sw=478&sh=557&sm=fit&sfrm=jpg",
            "name": "Being Kind Costs Nothing Glitter Graphic Tee",
            "rating": 4,
            "price": 6.99
        },
        {
            "id": 9,
            "image": "https://www.aeropostale.com/dw/image/v2/BBSG_PRD/on/demandware.static/-/Sites-master-catalog-aeropostale/default/dw2e01014f/80106339_703_main.jpg?sw=478&sh=557&sm=fit&sfrm=jpg",
            "name": "Cosmic Peace Graphic Tee",
            "rating": 5,
            "price": 6.99
        },
        {
            "id": 10,
            "image": "https://www.aeropostale.com/dw/image/v2/BBSG_PRD/on/demandware.static/-/Sites-master-catalog-aeropostale/default/dwd510f0f2/80106167_444_main.jpg?sw=478&sh=557&sm=fit&sfrm=jpg",
            "name": "Los Angeles Butterfly Graphic Tee",
            "rating": 4,
            "price": 6.99
        },
        {
            "id": 11,
            "image": "https://www.aeropostale.com/dw/image/v2/BBSG_PRD/on/demandware.static/-/Sites-master-catalog-aeropostale/default/dwea0539f1/80106321_666_main.jpg?sw=478&sh=557&sm=fit&sfrm=jpg",
            "name": "Floral Butterfly Foil Graphic Tee",
            "rating": 1,
            "price": 6.99
        },
        {
            "id": 12,
            "image": "https://www.aeropostale.com/dw/image/v2/BBSG_PRD/on/demandware.static/-/Sites-master-catalog-aeropostale/default/dw83fa8f53/80099445_225_main.jpg?sw=478&sh=557&sm=fit&sfrm=jpg",
            "name": "Long Sleeve Tie-Front Cropped Shrunken Tee",
            "rating": 2,
            "price": 6.99
        },
        {
            "id": 13,
            "image": "https://www.aeropostale.com/dw/image/v2/BBSG_PRD/on/demandware.static/-/Sites-master-catalog-aeropostale/default/dw349d0f4b/80086056_053_main.jpg?sw=478&sh=557&sm=fit&sfrm=jpg",
            "name": "Northeast Aero NY Appliqué Graphic Tee",
            "rating": 3,
            "price": 7.99
        },
        {
            "id": 14,
            "image": "https://www.aeropostale.com/dw/image/v2/BBSG_PRD/on/demandware.static/-/Sites-master-catalog-aeropostale/default/dw8231d26e/87019217_202_alt1.jpg?sw=478&sh=557&sm=fit&sfrm=jpg",
            "name": "High-Rise Jegging",
            "rating": 5,
            "price": 17.99
        },
        {
            "id": 15,
            "image": "https://www.aeropostale.com/dw/image/v2/BBSG_PRD/on/demandware.static/-/Sites-master-catalog-aeropostale/default/dwb0c4bceb/80086052_102_main.jpg?sw=478&sh=557&sm=fit&sfrm=jpg",
            "name": "Aeropostale 1987 Circle Glitter Graphic Tee",
            "rating": 4,
            "price": 7.99
        },
        {
            "id": 16,
            "image": "https://www.aeropostale.com/dw/image/v2/BBSG_PRD/on/demandware.static/-/Sites-master-catalog-aeropostale/default/dw0c4b6a5e/80086001_781_main.jpg?sw=478&sh=557&sm=fit&sfrm=jpg",
            "name": "Aeropostale Athletics Appliqué Graphic Tee",
            "rating": 1,
            "price": 7.99
        },
        {
            "id": 17,
            "image": "https://www.aeropostale.com/dw/image/v2/BBSG_PRD/on/demandware.static/-/Sites-master-catalog-aeropostale/default/dw89454079/80119095_007_main.jpg?sw=478&sh=557&sm=fit&sfrm=jpg",
            "name": "Seriously Soft Tie-Front Cutout Crop Top",
            "rating": 2,
            "price": 3.99
        },
        {
            "id": 18,
            "image": "https://www.aeropostale.com/dw/image/v2/BBSG_PRD/on/demandware.static/-/Sites-master-catalog-aeropostale/default/dwa04be866/80085990_598_main.jpg?sw=478&sh=557&sm=fit&sfrm=jpg",
            "name": "Aero Script Butterfly Graphic Tee",
            "rating": 3,
            "price": 7.99
        },
        {
            "id": 19,
            "image": "https://www.aeropostale.com/dw/image/v2/BBSG_PRD/on/demandware.static/-/Sites-master-catalog-aeropostale/default/dwd49e9ff1/80106166_052_main.jpg?sw=478&sh=557&sm=fit&sfrm=jpg",
            "name": "Stacked Aero Floral Graphic Tee",
            "rating": 5,
            "price": 6.99
        },
        {
            "id": 20,
            "image": "https://www.aeropostale.com/dw/image/v2/BBSG_PRD/on/demandware.static/-/Sites-master-catalog-aeropostale/default/dw7a8c4f17/83938907_102_main.jpg?sw=478&sh=557&sm=fit&sfrm=jpg",
            "name": "Long Sleeve Wrap-Tie Cropped Button-Down Shirt",
            "rating": 4,
            "price": 10.99
        },
        {
            "id": 21,
            "image": "https://www.aeropostale.com/dw/image/v2/BBSG_PRD/on/demandware.static/-/Sites-master-catalog-aeropostale/default/dwd7125035/85638090_001_main.jpg?sw=478&sh=557&sm=fit&sfrm=jpg",
            "name": "'90s High-Rise Baggy Hemp Denim Shorts",
            "rating": 1,
            "price": 9.99
        },
        {
            "id": 22,
            "image": "https://www.aeropostale.com/dw/image/v2/BBSG_PRD/on/demandware.static/-/Sites-master-catalog-aeropostale/default/dweb7c8777/83198410_012_main.jpg?sw=478&sh=557&sm=fit&sfrm=jpg",
            "name": "Floral Convertible Bandeau Crop Top",
            "rating": 2,
            "price": 5.99
        },
        {
            "id": 23,
            "image": "https://www.aeropostale.com/dw/image/v2/BBSG_PRD/on/demandware.static/-/Sites-master-catalog-aeropostale/default/dw268eb6a8/80086052_963_main.jpg?sw=478&sh=557&sm=fit&sfrm=jpg",
            "name": "Aeropostale 1987 Circle Glitter Graphic Tee",
            "rating": 3,
            "price": 7.99
        },
        {
            "id": 24,
            "image": "https://www.aeropostale.com/dw/image/v2/BBSG_PRD/on/demandware.static/-/Sites-master-catalog-aeropostale/default/dw4554d719/80106320_047_main.jpg?sw=478&sh=557&sm=fit&sfrm=jpg",
            "name": "Desert Cacti Graphic Tee",
            "rating": 5,
            "price": 6.99
        },
        {
            "id": 25,
            "image": "https://www.aeropostale.com/dw/image/v2/BBSG_PRD/on/demandware.static/-/Sites-master-catalog-aeropostale/default/dwdc47a0c7/80118999_457_main.jpg?sw=478&sh=557&sm=fit&sfrm=jpg",
            "name": "Desert Cacti Graphic Tee",
            "rating": 4,
            "price": 3.99
        },
        {
            "id": 26,
            "image": "https://www.aeropostale.com/dw/image/v2/BBSG_PRD/on/demandware.static/-/Sites-master-catalog-aeropostale/default/dw4f2bad37/80119095_444_main.jpg?sw=478&sh=557&sm=fit&sfrm=jpg",
            "name": "Long Sleeve Tie-Front Cropped Shrunken Tee",
            "rating": 1,
            "price": 3.99
        },
        {
            "id": 27,
            "image": "https://www.aeropostale.com/dw/image/v2/BBSG_PRD/on/demandware.static/-/Sites-master-catalog-aeropostale/default/dw9deda45b/80119095_185_main.jpg?sw=478&sh=557&sm=fit&sfrm=jpg",
            "name": "Seriously Soft Tie-Front Cutout Crop Top",
            "rating": 2,
            "price": 3.99
        },
        {
            "id": 28,
            "image": "https://www.aeropostale.com/dw/image/v2/BBSG_PRD/on/demandware.static/-/Sites-master-catalog-aeropostale/default/dweab81583/80099188_047_alt2.jpg?sw=478&sh=557&sm=fit&sfrm=jpg",
            "name": "Lacy Tie-Front Cropped Cami",
            "rating": 3,
            "price": 6.99
        },
        {
            "id": 29,
            "image": "https://www.aeropostale.com/dw/image/v2/BBSG_PRD/on/demandware.static/-/Sites-master-catalog-aeropostale/default/dw71aac05a/71522901_901_main.jpg?sw=478&sh=557&sm=fit&sfrm=jpg",
            "name": "Stacked Aero Floral Graphic Tee",
            "rating": 5,
            "price": 2.99
        },
        {
            "id": 30,
            "image": "https://www.aeropostale.com/dw/image/v2/BBSG_PRD/on/demandware.static/-/Sites-master-catalog-aeropostale/default/dwf2fcdd6e/82739734_538_main.jpg?sw=478&sh=557&sm=fit&sfrm=jpg",
            "name": "Ribbed Keyhole Cropped Flyaway Sweater",
            "rating": 4,
            "price": 8.99
        },
        {
            "id": 31,
            "image": "https://www.aeropostale.com/dw/image/v2/BBSG_PRD/on/demandware.static/-/Sites-master-catalog-aeropostale/default/dw21e3506e/80119025_047_main.jpg?sw=478&sh=557&sm=fit&sfrm=jpg",
            "name": "Seriously Soft Tie-Front Cutout Crop Top",
            "rating": 1,
            "price": 4.99
        },
        {
            "id": 32,
            "image": "https://www.aeropostale.com/dw/image/v2/BBSG_PRD/on/demandware.static/-/Sites-master-catalog-aeropostale/default/dw25647716/72529171_007_main.jpg?sw=478&sh=557&sm=fit&sfrm=jpg",
            "name": "Dark Camo Flex High-Rise Pocket Ankle Leggings",
            "rating": 3,
            "price": 11.99
        },
        {
            "id": 33,
            "image": "https://www.aeropostale.com/dw/image/v2/BBSG_PRD/on/demandware.static/-/Sites-master-catalog-aeropostale/default/dw9de9cdac/80106187_607_main.jpg?sw=478&sh=557&sm=fit&sfrm=jpg",
            "name": "Aero Rose Graphic Tee",
            "rating": 1,
            "price": 6.99
        },
        {
            "id": 34,
            "image": "https://www.aeropostale.com/dw/image/v2/BBSG_PRD/on/demandware.static/-/Sites-master-catalog-aeropostale/default/dw86c4950e/80086006_402_main.jpg?sw=478&sh=557&sm=fit&sfrm=jpg",
            "name": "Aeropostale NYC Appliqué Graphic Tee",
            "rating": 4,
            "price": 7.99
        },
        {
            "id": 35,
            "image": "https://www.aeropostale.com/dw/image/v2/BBSG_PRD/on/demandware.static/-/Sites-master-catalog-aeropostale/default/dw53bf1eb4/87018531_176_main.jpg?sw=478&sh=557&sm=fit&sfrm=jpg",
            "name": "High-Rise Curvy Premium Air Jegging with LYCRA® FREEF!T® Technology",
            "rating": 5,
            "price": 24.99
        },
        {
            "id": 36,
            "image": "https://www.aeropostale.com/dw/image/v2/BBSG_PRD/on/demandware.static/-/Sites-master-catalog-aeropostale/default/dwa6103904/80741344_100_main.jpg?sw=478&sh=557&sm=fit&sfrm=jpg",
            "name": "Black Panther Pullover Hoodie",
            "rating": 3,
            "price": 9.99
        }
    ],
    "men": [
        {
            "id": 1,
            "image": "https://www.aeropostale.com/dw/image/v2/BBSG_PRD/on/demandware.static/-/Sites-master-catalog-aeropostale/default/dw80ddf4ed/60069082_001_main.jpg?sw=478&sh=557&sm=fit&sfrm=jpg",
            "name": "Black Panther Comic Graphic Tee",
            "rating": 5,
            "price": 2.99
        },
        {
            "id": 2,
            "image": "https://www.aeropostale.com/dw/image/v2/BBSG_PRD/on/demandware.static/-/Sites-master-catalog-aeropostale/default/dwd4b76dfb/60178348_402_main.jpg?sw=478&sh=557&sm=fit&sfrm=jpg",
            "name": "Striped Tie-Dye Crew Tee",
            "rating": 3,
            "price": 7.99
        },
        {
            "id": 3,
            "image": "https://www.aeropostale.com/dw/image/v2/BBSG_PRD/on/demandware.static/-/Sites-master-catalog-aeropostale/default/dw935f338a/66319241_185_main.jpg?sw=478&sh=557&sm=fit&sfrm=jpg",
            "name": "Jogger Shorts 8.5",
            "rating": 2,
            "price": 9.99
        },
        {
            "id": 4,
            "image": "https://www.aeropostale.com/dw/image/v2/BBSG_PRD/on/demandware.static/-/Sites-master-catalog-aeropostale/default/dw23751409/60052293_102_main.jpg?sw=478&sh=557&sm=fit&sfrm=jpg",
            "name": "Aero Box Logo Foil Appliqué Graphic Tee",
            "rating": 1,
            "price": 6.99
        },
        {
            "id": 5,
            "image": "https://www.aeropostale.com/dw/image/v2/BBSG_PRD/on/demandware.static/-/Sites-master-catalog-aeropostale/default/dwe9617739/67632461_402_alt2.jpg?sw=478&sh=557&sm=fit&sfrm=jpg",
            "name": "Lord Of The Rings Graphic Tee",
            "rating": 2,
            "price": 2.99
        },
        {
            "id": 6,
            "image": "https://www.aeropostale.com/dw/image/v2/BBSG_PRD/on/demandware.static/-/Sites-master-catalog-aeropostale/default/dw43f0d62d/62372658_007_main.jpg?sw=478&sh=557&sm=fit&sfrm=jpg",
            "name": "Skinny Taper Hemp Jean",
            "rating": 1,
            "price": 15.99
        },
        {
            "id": 7,
            "image": "https://www.aeropostale.com/dw/image/v2/BBSG_PRD/on/demandware.static/-/Sites-master-catalog-aeropostale/default/dw90ab0b51/66112024_067_alt2.jpg?sw=478&sh=557&sm=fit&sfrm=jpg",
            "name": "Air Softspun Tech Fleece Colorblocked Full-Zip Hoodie",
            "rating": 4,
            "price": 6.99
        },
        {
            "id": 8,
            "image": "https://www.aeropostale.com/dw/image/v2/BBSG_PRD/on/demandware.static/-/Sites-master-catalog-aeropostale/default/dw43de86d5/60052637_052_main.jpg?sw=478&sh=557&sm=fit&sfrm=jpg",
            "name": "Raglan Crew Tee",
            "rating": 5,
            "price": 7.99
        },
        {
            "id": 9,
            "image": "https://www.aeropostale.com/dw/image/v2/BBSG_PRD/on/demandware.static/-/Sites-master-catalog-aeropostale/default/dwee264f50/64912466_269_main.jpg?sw=478&sh=557&sm=fit&sfrm=jpg",
            "name": "Skinny Premium Air Jean",
            "rating": 3,
            "price": 5.99
        },
        {
            "id": 10,
            "image": "https://www.aeropostale.com/dw/image/v2/BBSG_PRD/on/demandware.static/-/Sites-master-catalog-aeropostale/default/dw70d3c86c/68339456_007_main.jpg?sw=478&sh=557&sm=fit&sfrm=jpg",
            "name": "Aero Script Logo Appliqué Graphic Tee",
            "rating": 2,
            "price": 11.99
        },
        {
            "id": 11,
            "image": "https://www.aeropostale.com/dw/image/v2/BBSG_PRD/on/demandware.static/-/Sites-master-catalog-aeropostale/default/dw3ce7bd5a/60172586_630_alt2.jpg?sw=478&sh=557&sm=fit&sfrm=jpg",
            "name": "Black Panther Pullover Hoodie",
            "rating": 1,
            "price": 12.99
        },
        {
            "id": 12,
            "image": "https://www.aeropostale.com/dw/image/v2/BBSG_PRD/on/demandware.static/-/Sites-master-catalog-aeropostale/default/dw806d000f/62342967_209_main.jpg?sw=478&sh=557&sm=fit&sfrm=jpg",
            "name": "Super Skinny Jean",
            "rating": 5,
            "price": "4.99"
        },
        {
            "id": 13,
            "image": "https://www.aeropostale.com/dw/image/v2/BBSG_PRD/on/demandware.static/-/Sites-master-catalog-aeropostale/default/dwb27b04cc/60172695_818_main.jpg?sw=478&sh=557&sm=fit&sfrm=jpg",
            "name": "Aeropostale Logo Mesh Shorts",
            "rating": 4,
            "price": 7.99
        },
        {
            "id": 14,
            "image": "https://www.aeropostale.com/dw/image/v2/BBSG_PRD/on/demandware.static/-/Sites-master-catalog-aeropostale/default/dw11145931/62342750_202_main.jpg?sw=478&sh=557&sm=fit&sfrm=jpg",
            "name": "Spider-Man Graphic Tee",
            "rating": 5,
            "price": 22.99
        },
        {
            "id": 15,
            "image": "https://www.aeropostale.com/dw/image/v2/BBSG_PRD/on/demandware.static/-/Sites-master-catalog-aeropostale/default/dw1ecb3b51/60732538_572_alt2.jpg?sw=478&sh=557&sm=fit&sfrm=jpg",
            "name": "Twill Sneaker Joggers",
            "rating": 3,
            "price": 15.99
        },
        {
            "id": 16,
            "image": "https://www.aeropostale.com/dw/image/v2/BBSG_PRD/on/demandware.static/-/Sites-master-catalog-aeropostale/default/dwb2350d4d/69612546_607_alt1.jpg?sw=478&sh=557&sm=fit&sfrm=jpg",
            "name": "Slim Straight Flat-Front Chinos",
            "rating": 2,
            "price": 15.99
        },
        {
            "id": 17,
            "image": "https://www.aeropostale.com/dw/image/v2/BBSG_PRD/on/demandware.static/-/Sites-master-catalog-aeropostale/default/dw1a1f703b/60023085_572_main.jpg?sw=478&sh=557&sm=fit&sfrm=jpg",
            "name": "Superman Graphic Tee",
            "rating": 1,
            "price-clearance": 4.99
        },
        {
            "id": 18,
            "image": "https://www.aeropostale.com/dw/image/v2/BBSG_PRD/on/demandware.static/-/Sites-master-catalog-aeropostale/default/dwb483bb03/60052637_007_main.jpg?sw=478&sh=557&sm=fit&sfrm=jpg",
            "name": "Washed Relaxed Fit Crew Tee",
            "rating": 4,
            "price": 9.99
        },
        {
            "id": 19,
            "image": "https://www.aeropostale.com/dw/image/v2/BBSG_PRD/on/demandware.static/-/Sites-master-catalog-aeropostale/default/dwb8813449/60162012_607_main.jpg?sw=478&sh=557&sm=fit&sfrm=jpg",
            "name": "Long Sleeve Black Panther Wakanda Warrior Graphic Tee",
            "rating": 5,
            "price": 5.99
        },
        {
            "id": 20,
            "image": "https://www.aeropostale.com/dw/image/v2/BBSG_PRD/on/demandware.static/-/Sites-master-catalog-aeropostale/default/dw56c0744e/60013713_007_main.jpg?sw=478&sh=557&sm=fit&sfrm=jpg",
            "name": "Malibu Corduroy Shorts 6",
            "rating": 3,
            "price": 9.99
        },
        {
            "id": 21,
            "image": "https://www.aeropostale.com/dw/image/v2/BBSG_PRD/on/demandware.static/-/Sites-master-catalog-aeropostale/default/dw557510ba/60211066_035_main.jpg?sw=478&sh=557&sm=fit&sfrm=jpg",
            "name": "Colorblocked Track Jacket",
            "rating": 2,
            "price": 19.99
        },
        {
            "id": 22,
            "image": "https://www.aeropostale.com/dw/image/v2/BBSG_PRD/on/demandware.static/-/Sites-master-catalog-aeropostale/default/dwd0a09262/68151064_035_main.jpg?sw=478&sh=557&sm=fit&sfrm=jpg",
            "rating": 1,
            "price": 7.99
        },
        {
            "id": 23,
            "image": "https://www.aeropostale.com/dw/image/v2/BBSG_PRD/on/demandware.static/-/Sites-master-catalog-aeropostale/default/dw20e11eaf/68159085_001_main.jpg?sw=478&sh=557&sm=fit&sfrm=jpg",
            "name": "Aero New York Heritage Fleece Shorts",
            "rating": 4,
            "price": 7.99
        },
        {
            "id": 24,
            "image": "https://www.aeropostale.com/dw/image/v2/BBSG_PRD/on/demandware.static/-/Sites-master-catalog-aeropostale/default/dwa72a4a41/60212336_177_main.jpg?sw=478&sh=557&sm=fit&sfrm=jpg",
            "name": "Plaid Flannel Shacket",
            "rating": 2,
            "price": 14.99
        },
        {
            "id": 25,
            "image": "https://www.aeropostale.com/dw/image/v2/BBSG_PRD/on/demandware.static/-/Sites-master-catalog-aeropostale/default/dwaaeb84a4/62342651_150_main.jpg?sw=478&sh=557&sm=fit&sfrm=jpg",
            "name": "Long Sleeve Acid Wash Thermal Crew Tee",
            "rating": 5,
            "price": "12.99"
        },
        {
            "id": 26,
            "image": "https://www.aeropostale.com/dw/image/v2/BBSG_PRD/on/demandware.static/-/Sites-master-catalog-aeropostale/default/dwb5c9b3f3/62342651_493_alt2.jpg?sw=478&sh=557&sm=fit&sfrm=jpg",
            "name": "New York City Logo Appliqué Graphic Tee",
            "rating": 4,
            "price": "14.99"
        },
        {
            "id": 27,
            "image": "https://www.aeropostale.com/dw/image/v2/BBSG_PRD/on/demandware.static/-/Sites-master-catalog-aeropostale/default/dwdcb927e5/66112024_023_main.jpg?sw=478&sh=557&sm=fit&sfrm=jpg",
            "name": "Long Sleeve Avengers Graphic Tee",
            "rating": 2,
            "price": 4.99
        },
        {
            "id": 28,
            "image": "https://www.aeropostale.com/dw/image/v2/BBSG_PRD/on/demandware.static/-/Sites-master-catalog-aeropostale/default/dwab222104/66112024_001_main.jpg?sw=478&sh=557&sm=fit&sfrm=jpg",
            "name": "Skinny Taper Hemp Jean",
            "rating": 5,
            "price": 15.99
        },
        {
            "id": 29,
            "image": "https://www.aeropostale.com/dw/image/v2/BBSG_PRD/on/demandware.static/-/Sites-master-catalog-aeropostale/default/dwa1c67e3b/60732538_007_alt2.jpg?sw=478&sh=557&sm=fit&sfrm=jpg",
            "name": "New England Patriots Graphic Tee",
            "rating": 3,
            "price": 15.99
        },
        {
            "id": 30,
            "image": "https://www.aeropostale.com/dw/image/v2/BBSG_PRD/on/demandware.static/-/Sites-master-catalog-aeropostale/default/dwa1c67e3b/60732538_007_alt2.jpg?sw=478&sh=557&sm=fit&sfrm=jpg",
            "name": "Def Leppard 1983 Graphic Tee",
            "rating": 2,
            "price": 22.99
        },
        {
            "id": 31,
            "image": "https://www.aeropostale.com/dw/image/v2/BBSG_PRD/on/demandware.static/-/Sites-master-catalog-aeropostale/default/dwdf569a62/60013650_017_main.jpg?sw=478&sh=557&sm=fit&sfrm=jpg",
            "name": "Classic V-Neck Tee",
            "rating": 4,
            "price": 7.99
        },
        {
            "id": 32,
            "image": "https://www.aeropostale.com/dw/image/v2/BBSG_PRD/on/demandware.static/-/Sites-master-catalog-aeropostale/default/dw07439958/64912683_067_main.jpg?sw=478&sh=557&sm=fit&sfrm=jpg",
            "name": "Buffalo Check Softspun Flannel Button-Down Shirt",
            "rating": 1,
            "price": 12.99
        },
        {
            "id": 33,
            "image": "https://www.aeropostale.com/dw/image/v2/BBSG_PRD/on/demandware.static/-/Sites-master-catalog-aeropostale/default/dw853c92ef/64191306_142_main.jpg?sw=478&sh=557&sm=fit&sfrm=jpg",
            "name": "Buffalo Check Softspun Flannel Button-Down Shirt",
            "rating": 2,
            "price": 12.99
        },
        {
            "id": 34,
            "image": "https://www.aeropostale.com/dw/image/v2/BBSG_PRD/on/demandware.static/-/Sites-master-catalog-aeropostale/default/dw63b5e4ae/64189155_189_main.jpg?sw=478&sh=557&sm=fit&sfrm=jpg",
            "name": "Buffalo Check Softspun Flannel Button-Down Shirt",
            "rating": 3,
            "price": 12.99
        },
        {
            "id": 35,
            "image": "https://www.aeropostale.com/dw/image/v2/BBSG_PRD/on/demandware.static/-/Sites-master-catalog-aeropostale/default/dw45e533a5/69617195_402_main.jpg?sw=478&sh=557&sm=fit&sfrm=jpg",
            "name": "Bandana Print Graphic Tee",
            "rating": 2,
            "price": 14.99
        },
        {
            "id": 36,
            "image": "https://www.aeropostale.com/dw/image/v2/BBSG_PRD/on/demandware.static/-/Sites-master-catalog-aeropostale/default/dw45e533a5/69617195_402_main.jpg?sw=478&sh=557&sm=fit&sfrm=jpg",
            "name": "Ted Lasso Believe Graphic Tee",
            "rating": 4,
            "price": 7.99
        }
    ]
}